﻿tag,title,text
"[차량정비]","
(상용) 주행 중 갑자기 엔진 출력이 떨어지면서 노킹 현상이 나타납니다. 왜 그런가요?","엔진 출력이 급격히 떨어지고 노킹 현상 Knocking, 엔진의 연료실 벽을 작은 망치로 두드리는 듯한 소리가 나는 현상이 지속적으로 발생하면 엔진의 오버히트를 의심해 봐야 합니다.
오버히트는 냉각수가 부족하거나 샐 경우, 워터펌프 구동벨트가 끊어진 경우, 냉각팬이 돌지 않을 경우 등 여러 가지 원인으로 인해 엔진이 과열돼 증기가 끓어오르는 현상입니다.
이때는 계기판에 있는 냉각수 온도 게이지가 적색 눈금 H을 가리키게 됩니다.
겨울철에는 냉각수에 부동액이 들어있지 않거나 엔진 내부가 동결되어 냉각수가 순환하지 못할 때에도 동일한 현상이 발생합니다.
주행 중 엔진이 과열돼 오버히트 현상이 발생했을 때는 당황하지 말고 비상경고등을 켠 채 가능한 빨리 도로 옆 안전한 곳에 차를 세웁니다.
이때 시동을 바로 끄면 엔진이 고착되기 때문에 변속 레버를 중립에 놓고 약 2 ~ 3분간 시동을 그대로 켜놓은 상태에서 엔진 실내에 통풍이 잘 되도록 후드를 열어 놓고, 냉각수 온도 게이지가 정상 C에 가까워질 때까지 엔진을 냉각시킵니다.
후드를 열 때는 뜨거운 수증기나 물이 뿜어져 나오거나 후드 자체가 뜨거울 수 있으므로 주의해야 합니다.
공회전 상태에서도 냉각수 온도 게이지가 떨어지지 않으면 시동을 끄고 자연적으로 엔진을 냉각시킵니다.
만약 냉각수가 차 밑으로 흘러넘치거나 수증기가 후드 위로 새 나올 경우에는 엔진을 정지시키고 차량을 견인해 정비공장에 입고 후 누수 부위를 점검하고 정비를 받아야 합니다."
"[차량정비]","
(상용) 주행 중 갑자기 시동이 꺼지는 현상이 발생합니다. 어디에 문제가 있는 것일까요?","주행 중 시동이 꺼져 당황하신 적이 있을 것입니다.
시동 꺼짐 현상은 보통 연료계통과 점화계통, 엔진 전자제어계통 등에 이상이 있을 경우 발생합니다.
전자제어 가솔린 엔진의 경우 연료 펌프와 연료 필터 막힘, 인젝터·점화 코일·컴퓨터 ECU 고장, 엔진 관련 센서 이상, 엔진 관련 휴즈 단선, 엔진 배선 합선 등이 원인이 될 수 있습니다.
LPG를 사용하는 엔진의 경우에는 연료계통 부품 종류가 다를 뿐 가솔린 엔진과 큰 차이는 없으나 베이퍼라이져, 믹서 등의 고장으로 인해서도 시동 꺼짐 현상이 발생할 수 있습니다.
디젤 연료를 사용하는 엔진은 기계식과 전자제어식 커먼레일 엔진으로 구분할 수 있는데, 기계식인 경우는 연료 필터 막힘, 연료계통 공기 유입, 인젝션 펌프 고장으로 인해 시동 꺼짐이 발생할 수 있고, 전자제어식인 경우 엔진 관련 센서, 연료 필터 막힘, 연료에 이물질 유입, 커먼레일시스템고압 펌프·레일 압력 센서·인젝터 등, 엔진 관련 휴즈 단선, 배선합선, ECU 고장 등으로 인해서도시동 꺼짐이 발생할 수 있습니다.
시동 꺼짐 현상은 운전자의 안전과 직결되는 것이므로 고장 발생 시 정비업체를 필히 방문하여 점검 및 정비를 받아야 합니다.
또한 정기적으로 차량 점검을 받아 이상이 없는지 체크를 해주는 것도 시동 꺼짐 현상을 예방할 수 있는 방법입니다."
"[차량정비]","
(상용) 유로6차량 DPF의 자동재생은 언제 작동하나요?","수트게이지가 5칸에 도달 후, 잠시 후 자동재생 실시됩니다.
F/G : 엔진 게이지가 1~5칸에 있더라도 주행거리[버스 400km or트럭 700km]에 도달할 경우에도 재생됩니다"
"[차량정비]","
(상용) 자동재생 도중 신호대기 및 차량 주/정차 시 재생은 어떻게 되나요?","주/정차 및 신호대기 시 IDLE UP되며 재생은 하지 않고, 일정시간 이상 유지 시 재생을 탈출하며, 재주행시 재생 돌입조건에 해당되면 자동재생 됩니다."
"[차량정비]","
(상용) 자동재생 중 아이들 RPM은 왜 높은가요?","DPF 이상고온에 따른 파손 방지 목적으로 재생 중 아이들 RPM은 상향조정됩니다.
F엔진 900, G엔진 1000, H/L엔진 800"
"[차량정비]","
(상용) 자동재생 도중 차량을 멈추고 시동을 꺼도 되나요?","차량을 멈추고, 시동을 꺼도 됩니다.
단, 녹색 재생 등이 소거된 후 (약 2분간 소요), 시동 끄시기를 권장합니다. (DPF 이상고온에 따른 파손 방지)"
"[차량정비]","
(상용) 자동재생 돌입 가능 조건은 어떻게 되나요?","엔진이 충분히 웜업 되고,차속이 10km/h↑에서 자동재생 됩니다.
F/G : 냉각수 65℃↑, H/LDOC 후단센서 200℃↑, 냉각수60℃↑"
"[차량정비]","
(상용) 수동재생은 언제 하나요?","① 검댕이게이지가 6~8칸에서 황색 수동재생 경고등 점등 시, 진행하시면 됩니다.
9칸 이상에서는 서비스센터 조치 필요
② 고객이 수동재생을 원할 경우 1~8칸까지 검댕이게이지와 무관하게 돌입 가능합니다."
"[차량정비]","
(상용) 수동재생 시, 주의해야 할 사항은 무엇인가요?","수동재생 시, 배기정화장치 주변 부가 매우 고온이므로 화재 및 안전사고가 발생할 수 있으므로 인화성 물질이 없는 개방된 공간에서 수동재생을 권장합니다. (배기가스 신체노출 삼가)"
