﻿tag,title,text
"[홈페이지]","
차량을 판매한 경우 어떻게 하나요?",마이페이지에서 보유차량 삭제를 눌러주시면 더 이상 차량 정보 표출이 되지 않습니다.
"[홈페이지]","
내 차가 아닌 다른 차량이 보입니다.","차량을 다른 운전자에게 판매하신 뒤에도 내 차 정보에서 지속하여 정보가 표출될 경우, 직접 내 차 정보에서 차량 삭제 기능을 통하여 삭제할 수 있습니다."
"[홈페이지]","
실 운행자 등록 시 사용 가능한 기능은 무엇인가요?","실 운행자로 등록되신 경우에 정비예약, 수리 이력 확인 등 차량운행 시 필요한 기능 활용이 가능합니다."
"[홈페이지]","
내 차 정보가 안 보여요.","현대닷컴 홈페이지 혹은 지점/대리점 방문을 통해서 실 운행자 등록 가능합니다.
https://www.hyundai.com/kr/ko/service-membership/bluemembers/car-register/bluemembers-car-register
중고차 구매 시 보유하신 차량이 조회가 되지 않는다면, 마이현대 앱 혹은 가까운 블루핸즈 방문을 통해 인증을 받으셔야 합니다."
"[홈페이지]","
취급설명서는 어디서 다운 받나요?","취급설명서는 홈페이지 디지털/고객지원 > Help Desk > 사용설명서 다운로드(자료실)에서 다운로드가 가능합니다.
https://www.hyundai.com/kr/ko/digital-customer-support/helpdesk/download-center"
"[홈페이지]","
내비게이션 시스템 업그레이드는 어디서 하나요?","디지털/고객지원 > 업데이트 > SW업데이트 (내비/캠)에서 확인 가능합니다.
https://www.hyundai.com/kr/ko/digital-customer-support/update/navigation-update"
"[홈페이지]","
계정 통합 시, 선택하지 않은 계정은 어떻게 되나요? 가입 정보 (이름, 생년월일 등)도 통합되나요?","· 선택하지 않은 계정은 자동으로 탈퇴처리 됩니다. 이후 ID 찾기 진행하시면 검색되지 않습니다.
· 이름, 생년월일 등 가입정보가 다를 경우, 최근 본인인증 받은 정보로 업데이트/수정 됩니다."
"[홈페이지]","
저는 5개 ID를 가지고 있는데, 계정 통합 화면에는 왜 2개 ID만 표시되는 건가요?","· 계정 통합은 2개 ID를 대상으로만 진행됩니다. (① 현재 로그인하려는 ID, ② 기존에 현대닷컴 가입된 ID)
· 이후 제 3의 ID로 로그인 하실 경우, 다시 한 번 본인 인증과 계정 통합 절차가 진행됩니다."
"[홈페이지]","
기존에 이미 사용하고 있던 ID인데, 왜 다시 본인 인증과 계정 통합을 해야 하나요?","· 여러 개 ID 보유한 고객으로 ID 혼란으로 인한 고객 문의가 많이 발생하고 있습니다. 이에 회원 1명 당 1개의 ID만 이용할 수 있도록 변경되었습니다.(블루링크 등 현대자동차 타 서비스 동일)
· 기존에 여러 개 ID를 보유하셨던 고객이라면, ID 통합을 위해서 본인인증과 계정 통합을 진행해주세요. 통합된 ID로 현대닷컴, 블루링크, 디지털 키, 마이현대에서 동일하게 사용 가능합니다.
※ 디지털 키에 가입하신 고객이라면 ‘휴대폰 인증’을 통해 본인인증 받으셔야 서비스 이용이 가능합니다. (아이핀 인증 시, 이후 휴대폰 본인인증 재 요청됨)
· 계정 통합 절차를 진행하지 않으시면 해당 ID로 서비스 이용이 불가합니다. (필수)"
